<?xml version="1.0" encoding="UTF-8"?>

<CodeSystem xmlns="http://hl7.org/fhir">
  <id value="ANCARVRxForMotherCS"/>
  <meta>
    <profile value="http://hl7.org/fhir/uv/crmi/StructureDefinition/crmi-shareablecodesystem"/>
    <profile value="http://hl7.org/fhir/uv/crmi/StructureDefinition/crmi-publishablecodesystem"/>
  </meta>
  <text>
    <status value="generated"/><div xmlns="http://www.w3.org/1999/xhtml"><p class="res-header-id"><b>Generated Narrative: CodeSystem ANCARVRxForMotherCS</b></p><a name="ANCARVRxForMotherCS"> </a><a name="hcANCARVRxForMotherCS"> </a><div style="display: inline-block; background-color: #d9e0e7; padding: 6px; margin: 4px; border: 1px solid #8da1b4; border-radius: 5px; line-height: 60%"><p style="margin-bottom: 0px"/><p style="margin-bottom: 0px">Profiles: <a href="http://hl7.org/fhir/uv/crmi/STU1/StructureDefinition-crmi-shareablecodesystem.html">CRMI Shareable CodeSystem</a>, <a href="http://hl7.org/fhir/uv/crmi/STU1/StructureDefinition-crmi-publishablecodesystem.html">CRMI Publishable CodeSystem</a></p></div><p>This case-sensitive code system <code>https://hispethiopia.org/enable/CodeSystem/ANCARVRxForMotherCS</code> defines the following codes:</p><table class="codes"><tr><td style="white-space:nowrap"><b>Code</b></td><td><b>Display</b></td></tr><tr><td style="white-space:nowrap">AZT-3TC-NVP<a name="ANCARVRxForMotherCS-AZT-3TC-NVP"> </a></td><td>AZT-3TC-NVP</td></tr><tr><td style="white-space:nowrap">AZT-3TC-EFV<a name="ANCARVRxForMotherCS-AZT-3TC-EFV"> </a></td><td>AZT-3TC-EFV</td></tr><tr><td style="white-space:nowrap">TDF-3TC-EFV<a name="ANCARVRxForMotherCS-TDF-3TC-EFV"> </a></td><td>TDF-3TC-EFV</td></tr><tr><td style="white-space:nowrap">TDF-FTC-NVP<a name="ANCARVRxForMotherCS-TDF-FTC-NVP"> </a></td><td>TDF-FTC-NVP</td></tr><tr><td style="white-space:nowrap">DF-3TC-DTG<a name="ANCARVRxForMotherCS-DF-3TC-DTG"> </a></td><td>DF-3TC-DTG</td></tr><tr><td style="white-space:nowrap">other<a name="ANCARVRxForMotherCS-other"> </a></td><td>Other</td></tr></table></div>
  </text>
  <url value="https://hispethiopia.org/enable/CodeSystem/ANCARVRxForMotherCS"/>
  <version value="0.1.0"/>
  <name value="ANCARVRxForMotherCS"/>
  <title value="ANC ARV Rx for Mother"/>
  <status value="draft"/>
  <experimental value="false"/>
  <date value="2026-01-15T13:53:47+00:00"/>
  <publisher value="HISP Ethiopia"/>
  <contact>
    <name value="HISP Ethiopia"/>
    <telecom>
      <system value="url"/>
      <value value="https://hispethiopia.org/"/>
    </telecom>
  </contact>
  <caseSensitive value="true"/>
  <content value="complete"/>
  <count value="6"/>
  <concept>
    <code value="AZT-3TC-NVP"/>
    <display value="AZT-3TC-NVP"/>
  </concept>
  <concept>
    <code value="AZT-3TC-EFV"/>
    <display value="AZT-3TC-EFV"/>
  </concept>
  <concept>
    <code value="TDF-3TC-EFV"/>
    <display value="TDF-3TC-EFV"/>
  </concept>
  <concept>
    <code value="TDF-FTC-NVP"/>
    <display value="TDF-FTC-NVP"/>
  </concept>
  <concept>
    <code value="DF-3TC-DTG"/>
    <display value="DF-3TC-DTG"/>
  </concept>
  <concept>
    <code value="other"/>
    <display value="Other"/>
  </concept>
</CodeSystem>