<?xml version="1.0" encoding="UTF-8"?>

<CodeSystem xmlns="http://hl7.org/fhir">
  <id value="ANCPostpartumCheckTimingCS"/>
  <meta>
    <profile value="http://hl7.org/fhir/uv/crmi/StructureDefinition/crmi-shareablecodesystem"/>
    <profile value="http://hl7.org/fhir/uv/crmi/StructureDefinition/crmi-publishablecodesystem"/>
  </meta>
  <text>
    <status value="generated"/><div xmlns="http://www.w3.org/1999/xhtml"><p class="res-header-id"><b>Generated Narrative: CodeSystem ANCPostpartumCheckTimingCS</b></p><a name="ANCPostpartumCheckTimingCS"> </a><a name="hcANCPostpartumCheckTimingCS"> </a><div style="display: inline-block; background-color: #d9e0e7; padding: 6px; margin: 4px; border: 1px solid #8da1b4; border-radius: 5px; line-height: 60%"><p style="margin-bottom: 0px"/><p style="margin-bottom: 0px">Profiles: <a href="http://hl7.org/fhir/uv/crmi/STU1/StructureDefinition-crmi-shareablecodesystem.html">CRMI Shareable CodeSystem</a>, <a href="http://hl7.org/fhir/uv/crmi/STU1/StructureDefinition-crmi-publishablecodesystem.html">CRMI Publishable CodeSystem</a></p></div><p>This case-sensitive code system <code>https://hispethiopia.org/enable/CodeSystem/ANCPostpartumCheckTimingCS</code> defines the following codes:</p><table class="codes"><tr><td style="white-space:nowrap"><b>Code</b></td><td><b>Display</b></td></tr><tr><td style="white-space:nowrap">24<a name="ANCPostpartumCheckTimingCS-24"> </a></td><td>24 hours</td></tr><tr><td style="white-space:nowrap">25-48<a name="ANCPostpartumCheckTimingCS-25-48"> </a></td><td>25-48 hours</td></tr><tr><td style="white-space:nowrap">49-72<a name="ANCPostpartumCheckTimingCS-49-72"> </a></td><td>49-72 hours</td></tr><tr><td style="white-space:nowrap">73-7<a name="ANCPostpartumCheckTimingCS-73-7"> </a></td><td>73 hours - 7 days</td></tr></table></div>
  </text>
  <url value="https://hispethiopia.org/enable/CodeSystem/ANCPostpartumCheckTimingCS"/>
  <version value="0.1.0"/>
  <name value="ANCPostpartumCheckTimingCS"/>
  <title value="ANC - postpartum check timing"/>
  <status value="draft"/>
  <experimental value="false"/>
  <date value="2026-01-15T13:53:47+00:00"/>
  <publisher value="HISP Ethiopia"/>
  <contact>
    <name value="HISP Ethiopia"/>
    <telecom>
      <system value="url"/>
      <value value="https://hispethiopia.org/"/>
    </telecom>
  </contact>
  <caseSensitive value="true"/>
  <content value="complete"/>
  <count value="4"/>
  <concept>
    <code value="24"/>
    <display value="24 hours"/>
  </concept>
  <concept>
    <code value="25-48"/>
    <display value="25-48 hours"/>
  </concept>
  <concept>
    <code value="49-72"/>
    <display value="49-72 hours"/>
  </concept>
  <concept>
    <code value="73-7"/>
    <display value="73 hours - 7 days"/>
  </concept>
</CodeSystem>