<?xml version="1.0" encoding="UTF-8"?>

<CodeSystem xmlns="http://hl7.org/fhir">
  <id value="ANC.B8.ExpectedWeightGainCS"/>
  <meta>
    <profile value="http://hl7.org/fhir/uv/crmi/StructureDefinition/crmi-shareablecodesystem"/>
    <profile value="http://hl7.org/fhir/uv/crmi/StructureDefinition/crmi-publishablecodesystem"/>
  </meta>
  <text>
    <status value="generated"/><div xmlns="http://www.w3.org/1999/xhtml"><p class="res-header-id"><b>Generated Narrative: CodeSystem ANC.B8.ExpectedWeightGainCS</b></p><a name="ANC.B8.ExpectedWeightGainCS"> </a><a name="hcANC.B8.ExpectedWeightGainCS"> </a><div style="display: inline-block; background-color: #d9e0e7; padding: 6px; margin: 4px; border: 1px solid #8da1b4; border-radius: 5px; line-height: 60%"><p style="margin-bottom: 0px"/><p style="margin-bottom: 0px">Profiles: <a href="http://hl7.org/fhir/uv/crmi/STU1/StructureDefinition-crmi-shareablecodesystem.html">CRMI Shareable CodeSystem</a>, <a href="http://hl7.org/fhir/uv/crmi/STU1/StructureDefinition-crmi-publishablecodesystem.html">CRMI Publishable CodeSystem</a></p></div><p>This case-sensitive code system <code>https://hispethiopia.org/enable/CodeSystem/ANC.B8.ExpectedWeightGainCS</code> defines the following codes:</p><table class="codes"><tr><td style="white-space:nowrap"><b>Code</b></td><td><b>Display</b></td></tr><tr><td style="white-space:nowrap">5-9 kg<a name="ANC.B8.ExpectedWeightGainCS-5-9kg"> </a></td><td>5–9 kg</td></tr><tr><td style="white-space:nowrap">7-11 kg<a name="ANC.B8.ExpectedWeightGainCS-7-11kg"> </a></td><td>7–11.5 kg</td></tr><tr><td style="white-space:nowrap">11.5-16 kg<a name="ANC.B8.ExpectedWeightGainCS-11.465-16kg"> </a></td><td>11.5–16 kg</td></tr><tr><td style="white-space:nowrap">12.5-18 kg<a name="ANC.B8.ExpectedWeightGainCS-12.465-18kg"> </a></td><td>12.5–18 kg</td></tr></table></div>
  </text>
  <url value="https://hispethiopia.org/enable/CodeSystem/ANC.B8.ExpectedWeightGainCS"/>
  <version value="0.1.0"/>
  <name value="ANC.B8.ExpectedWeightGainCS"/>
  <title value="ANC.B8. Expected weight gain"/>
  <status value="draft"/>
  <experimental value="false"/>
  <date value="2026-01-15T13:05:29+00:00"/>
  <publisher value="HISP Ethiopia"/>
  <contact>
    <name value="HISP Ethiopia"/>
    <telecom>
      <system value="url"/>
      <value value="https://hispethiopia.org/"/>
    </telecom>
  </contact>
  <caseSensitive value="true"/>
  <content value="complete"/>
  <count value="4"/>
  <concept>
    <code value="5-9 kg"/>
    <display value="5–9 kg"/>
  </concept>
  <concept>
    <code value="7-11 kg"/>
    <display value="7–11.5 kg"/>
  </concept>
  <concept>
    <code value="11.5-16 kg"/>
    <display value="11.5–16 kg"/>
  </concept>
  <concept>
    <code value="12.5-18 kg"/>
    <display value="12.5–18 kg"/>
  </concept>
</CodeSystem>