{
  "resourceType" : "CodeSystem",
  "id" : "ANC.BDPlacentaCS",
  "meta" : {
    "profile" : ["http://hl7.org/fhir/uv/crmi/StructureDefinition/crmi-shareablecodesystem",
    "http://hl7.org/fhir/uv/crmi/StructureDefinition/crmi-publishablecodesystem"]
  },
  "text" : {
    "status" : "generated",
    "div" : "<div xmlns=\"http://www.w3.org/1999/xhtml\"><p class=\"res-header-id\"><b>Generated Narrative: CodeSystem ANC.BDPlacentaCS</b></p><a name=\"ANC.BDPlacentaCS\"> </a><a name=\"hcANC.BDPlacentaCS\"> </a><div style=\"display: inline-block; background-color: #d9e0e7; padding: 6px; margin: 4px; border: 1px solid #8da1b4; border-radius: 5px; line-height: 60%\"><p style=\"margin-bottom: 0px\"/><p style=\"margin-bottom: 0px\">Profiles: <a href=\"http://hl7.org/fhir/uv/crmi/STU1/StructureDefinition-crmi-shareablecodesystem.html\">CRMI Shareable CodeSystem</a>, <a href=\"http://hl7.org/fhir/uv/crmi/STU1/StructureDefinition-crmi-publishablecodesystem.html\">CRMI Publishable CodeSystem</a></p></div><p>This case-sensitive code system <code>https://hispethiopia.org/enable/CodeSystem/ANC.BDPlacentaCS</code> defines the following codes:</p><table class=\"codes\"><tr><td style=\"white-space:nowrap\"><b>Code</b></td></tr><tr><td style=\"white-space:nowrap\">CCT<a name=\"ANC.BDPlacentaCS-CCT\"> </a></td></tr><tr><td style=\"white-space:nowrap\">Complete<a name=\"ANC.BDPlacentaCS-Complete\"> </a></td></tr><tr><td style=\"white-space:nowrap\">Incomplete<a name=\"ANC.BDPlacentaCS-Incomplete\"> </a></td></tr><tr><td style=\"white-space:nowrap\">MRP<a name=\"ANC.BDPlacentaCS-MRP\"> </a></td></tr><tr><td style=\"white-space:nowrap\">Tear rep 1st degree<a name=\"ANC.BDPlacentaCS-Tearrep1stdegree\"> </a></td></tr><tr><td style=\"white-space:nowrap\">Tear rep 2nd degree<a name=\"ANC.BDPlacentaCS-Tearrep2nddegree\"> </a></td></tr><tr><td style=\"white-space:nowrap\">Tear rep 3rd degree<a name=\"ANC.BDPlacentaCS-Tearrep3rddegree\"> </a></td></tr></table></div>"
  },
  "url" : "https://hispethiopia.org/enable/CodeSystem/ANC.BDPlacentaCS",
  "version" : "0.1.0",
  "name" : "ANC.BDPlacentaCS",
  "title" : "ANC.BD Placenta",
  "status" : "draft",
  "experimental" : false,
  "date" : "2026-01-15T13:05:29+00:00",
  "publisher" : "HISP Ethiopia",
  "contact" : [{
    "name" : "HISP Ethiopia",
    "telecom" : [{
      "system" : "url",
      "value" : "https://hispethiopia.org/"
    }]
  }],
  "caseSensitive" : true,
  "content" : "complete",
  "count" : 7,
  "concept" : [{
    "code" : "CCT",
    "display" : "CCT"
  },
  {
    "code" : "Complete",
    "display" : "Complete"
  },
  {
    "code" : "Incomplete",
    "display" : "Incomplete"
  },
  {
    "code" : "MRP",
    "display" : "MRP"
  },
  {
    "code" : "Tear rep 1st degree",
    "display" : "Tear rep 1st degree"
  },
  {
    "code" : "Tear rep 2nd degree",
    "display" : "Tear rep 2nd degree"
  },
  {
    "code" : "Tear rep 3rd degree",
    "display" : "Tear rep 3rd degree"
  }]
}