<?xml version="1.0" encoding="UTF-8"?>

<CodeSystem xmlns="http://hl7.org/fhir">
  <id value="ANC.B8.FetalPresentationCS"/>
  <meta>
    <profile value="http://hl7.org/fhir/uv/crmi/StructureDefinition/crmi-shareablecodesystem"/>
    <profile value="http://hl7.org/fhir/uv/crmi/StructureDefinition/crmi-publishablecodesystem"/>
  </meta>
  <text>
    <status value="generated"/><div xmlns="http://www.w3.org/1999/xhtml"><p class="res-header-id"><b>Generated Narrative: CodeSystem ANC.B8.FetalPresentationCS</b></p><a name="ANC.B8.FetalPresentationCS"> </a><a name="hcANC.B8.FetalPresentationCS"> </a><div style="display: inline-block; background-color: #d9e0e7; padding: 6px; margin: 4px; border: 1px solid #8da1b4; border-radius: 5px; line-height: 60%"><p style="margin-bottom: 0px"/><p style="margin-bottom: 0px">Profiles: <a href="http://hl7.org/fhir/uv/crmi/STU1/StructureDefinition-crmi-shareablecodesystem.html">CRMI Shareable CodeSystem</a>, <a href="http://hl7.org/fhir/uv/crmi/STU1/StructureDefinition-crmi-publishablecodesystem.html">CRMI Publishable CodeSystem</a></p></div><p>This case-sensitive code system <code>https://hispethiopia.org/enable/CodeSystem/ANC.B8.FetalPresentationCS</code> defines the following codes:</p><table class="codes"><tr><td style="white-space:nowrap"><b>Code</b></td><td><b>Display</b></td></tr><tr><td style="white-space:nowrap">Unknown<a name="ANC.B8.FetalPresentationCS-Unknown"> </a></td><td>Unknown</td></tr><tr><td style="white-space:nowrap">Cephalic<a name="ANC.B8.FetalPresentationCS-Cephalic"> </a></td><td>Cephalic</td></tr><tr><td style="white-space:nowrap">Pelvic/Breech<a name="ANC.B8.FetalPresentationCS-Pelvic.47Breech"> </a></td><td>Pelvic/Breech</td></tr><tr><td style="white-space:nowrap">Transverse<a name="ANC.B8.FetalPresentationCS-Transverse"> </a></td><td>Transverse</td></tr><tr><td style="white-space:nowrap">Other fetal presentation (specify)<a name="ANC.B8.FetalPresentationCS-Otherfetalpresentation.40specify.41"> </a></td><td>Other (specify)</td></tr></table></div>
  </text>
  <url value="https://hispethiopia.org/enable/CodeSystem/ANC.B8.FetalPresentationCS"/>
  <version value="0.1.0"/>
  <name value="ANC.B8.FetalPresentationCS"/>
  <title value="ANC.B8. Fetal presentation"/>
  <status value="draft"/>
  <experimental value="false"/>
  <date value="2026-01-15T13:53:47+00:00"/>
  <publisher value="HISP Ethiopia"/>
  <contact>
    <name value="HISP Ethiopia"/>
    <telecom>
      <system value="url"/>
      <value value="https://hispethiopia.org/"/>
    </telecom>
  </contact>
  <caseSensitive value="true"/>
  <content value="complete"/>
  <count value="5"/>
  <concept>
    <code value="Unknown"/>
    <display value="Unknown"/>
  </concept>
  <concept>
    <code value="Cephalic"/>
    <display value="Cephalic"/>
  </concept>
  <concept>
    <code value="Pelvic/Breech"/>
    <display value="Pelvic/Breech"/>
  </concept>
  <concept>
    <code value="Transverse"/>
    <display value="Transverse"/>
  </concept>
  <concept>
    <code value="Other fetal presentation (specify)"/>
    <display value="Other (specify)"/>
  </concept>
</CodeSystem>