<?xml version="1.0" encoding="UTF-8"?>

<CodeSystem xmlns="http://hl7.org/fhir">
  <id value="ANC.B6.EducationLevelCS"/>
  <meta>
    <profile value="http://hl7.org/fhir/uv/crmi/StructureDefinition/crmi-shareablecodesystem"/>
    <profile value="http://hl7.org/fhir/uv/crmi/StructureDefinition/crmi-publishablecodesystem"/>
  </meta>
  <text>
    <status value="generated"/><div xmlns="http://www.w3.org/1999/xhtml"><p class="res-header-id"><b>Generated Narrative: CodeSystem ANC.B6.EducationLevelCS</b></p><a name="ANC.B6.EducationLevelCS"> </a><a name="hcANC.B6.EducationLevelCS"> </a><div style="display: inline-block; background-color: #d9e0e7; padding: 6px; margin: 4px; border: 1px solid #8da1b4; border-radius: 5px; line-height: 60%"><p style="margin-bottom: 0px"/><p style="margin-bottom: 0px">Profiles: <a href="http://hl7.org/fhir/uv/crmi/STU1/StructureDefinition-crmi-shareablecodesystem.html">CRMI Shareable CodeSystem</a>, <a href="http://hl7.org/fhir/uv/crmi/STU1/StructureDefinition-crmi-publishablecodesystem.html">CRMI Publishable CodeSystem</a></p></div><p>This case-sensitive code system <code>https://hispethiopia.org/enable/CodeSystem/ANC.B6.EducationLevelCS</code> defines the following codes:</p><table class="codes"><tr><td style="white-space:nowrap"><b>Code</b></td></tr><tr><td style="white-space:nowrap">No education<a name="ANC.B6.EducationLevelCS-Noeducation"> </a></td></tr><tr><td style="white-space:nowrap">Primary school<a name="ANC.B6.EducationLevelCS-Primaryschool"> </a></td></tr><tr><td style="white-space:nowrap">Secondary school<a name="ANC.B6.EducationLevelCS-Secondaryschool"> </a></td></tr><tr><td style="white-space:nowrap">Technical/Vocational<a name="ANC.B6.EducationLevelCS-Technical.47Vocational"> </a></td></tr><tr><td style="white-space:nowrap">University<a name="ANC.B6.EducationLevelCS-University"> </a></td></tr><tr><td style="white-space:nowrap">Other education level<a name="ANC.B6.EducationLevelCS-Othereducationlevel"> </a></td></tr></table></div>
  </text>
  <url value="https://hispethiopia.org/enable/CodeSystem/ANC.B6.EducationLevelCS"/>
  <version value="0.1.0"/>
  <name value="ANC.B6.EducationLevelCS"/>
  <title value="ANC.B6. Education level"/>
  <status value="draft"/>
  <experimental value="false"/>
  <date value="2026-01-15T10:57:51+00:00"/>
  <publisher value="HISP Ethiopia"/>
  <contact>
    <name value="HISP Ethiopia"/>
    <telecom>
      <system value="url"/>
      <value value="https://hispethiopia.org/"/>
    </telecom>
  </contact>
  <caseSensitive value="true"/>
  <content value="complete"/>
  <count value="6"/>
  <concept>
    <code value="No education"/>
    <display value="No education"/>
  </concept>
  <concept>
    <code value="Primary school"/>
    <display value="Primary school"/>
  </concept>
  <concept>
    <code value="Secondary school"/>
    <display value="Secondary school"/>
  </concept>
  <concept>
    <code value="Technical/Vocational"/>
    <display value="Technical/Vocational"/>
  </concept>
  <concept>
    <code value="University"/>
    <display value="University"/>
  </concept>
  <concept>
    <code value="Other education level"/>
    <display value="Other education level"/>
  </concept>
</CodeSystem>