{
  "resourceType" : "CodeSystem",
  "id" : "TermOrPretermCS",
  "meta" : {
    "profile" : ["http://hl7.org/fhir/uv/crmi/StructureDefinition/crmi-shareablecodesystem",
    "http://hl7.org/fhir/uv/crmi/StructureDefinition/crmi-publishablecodesystem"]
  },
  "text" : {
    "status" : "generated",
    "div" : "<div xmlns=\"http://www.w3.org/1999/xhtml\"><p class=\"res-header-id\"><b>Generated Narrative: CodeSystem TermOrPretermCS</b></p><a name=\"TermOrPretermCS\"> </a><a name=\"hcTermOrPretermCS\"> </a><div style=\"display: inline-block; background-color: #d9e0e7; padding: 6px; margin: 4px; border: 1px solid #8da1b4; border-radius: 5px; line-height: 60%\"><p style=\"margin-bottom: 0px\"/><p style=\"margin-bottom: 0px\">Profiles: <a href=\"http://hl7.org/fhir/uv/crmi/STU1/StructureDefinition-crmi-shareablecodesystem.html\">CRMI Shareable CodeSystem</a>, <a href=\"http://hl7.org/fhir/uv/crmi/STU1/StructureDefinition-crmi-publishablecodesystem.html\">CRMI Publishable CodeSystem</a></p></div><p>This case-sensitive code system <code>https://hispethiopia.org/enable/CodeSystem/TermOrPretermCS</code> defines the following codes:</p><table class=\"codes\"><tr><td style=\"white-space:nowrap\"><b>Code</b></td></tr><tr><td style=\"white-space:nowrap\">Pre term<a name=\"TermOrPretermCS-Preterm\"> </a></td></tr><tr><td style=\"white-space:nowrap\">Term<a name=\"TermOrPretermCS-Term\"> </a></td></tr><tr><td style=\"white-space:nowrap\">Post term<a name=\"TermOrPretermCS-Postterm\"> </a></td></tr></table></div>"
  },
  "url" : "https://hispethiopia.org/enable/CodeSystem/TermOrPretermCS",
  "version" : "0.1.0",
  "name" : "TermOrPretermCS",
  "title" : "Term or preterm",
  "status" : "draft",
  "experimental" : false,
  "date" : "2026-01-15T10:57:51+00:00",
  "publisher" : "HISP Ethiopia",
  "contact" : [{
    "name" : "HISP Ethiopia",
    "telecom" : [{
      "system" : "url",
      "value" : "https://hispethiopia.org/"
    }]
  }],
  "caseSensitive" : true,
  "content" : "complete",
  "count" : 3,
  "concept" : [{
    "code" : "Pre term",
    "display" : "Pre term"
  },
  {
    "code" : "Term",
    "display" : "Term"
  },
  {
    "code" : "Post term",
    "display" : "Post term"
  }]
}