{
  "resourceType" : "CodeSystem",
  "id" : "ANC.B9.BloodTypeCS",
  "meta" : {
    "profile" : ["http://hl7.org/fhir/uv/crmi/StructureDefinition/crmi-shareablecodesystem",
    "http://hl7.org/fhir/uv/crmi/StructureDefinition/crmi-publishablecodesystem"]
  },
  "text" : {
    "status" : "generated",
    "div" : "<div xmlns=\"http://www.w3.org/1999/xhtml\"><p class=\"res-header-id\"><b>Generated Narrative: CodeSystem ANC.B9.BloodTypeCS</b></p><a name=\"ANC.B9.BloodTypeCS\"> </a><a name=\"hcANC.B9.BloodTypeCS\"> </a><div style=\"display: inline-block; background-color: #d9e0e7; padding: 6px; margin: 4px; border: 1px solid #8da1b4; border-radius: 5px; line-height: 60%\"><p style=\"margin-bottom: 0px\"/><p style=\"margin-bottom: 0px\">Profiles: <a href=\"http://hl7.org/fhir/uv/crmi/STU1/StructureDefinition-crmi-shareablecodesystem.html\">CRMI Shareable CodeSystem</a>, <a href=\"http://hl7.org/fhir/uv/crmi/STU1/StructureDefinition-crmi-publishablecodesystem.html\">CRMI Publishable CodeSystem</a></p></div><p>This case-sensitive code system <code>https://hispethiopia.org/enable/CodeSystem/ANC.B9.BloodTypeCS</code> defines the following codes:</p><table class=\"codes\"><tr><td style=\"white-space:nowrap\"><b>Code</b></td></tr><tr><td style=\"white-space:nowrap\">A<a name=\"ANC.B9.BloodTypeCS-A\"> </a></td></tr><tr><td style=\"white-space:nowrap\">B<a name=\"ANC.B9.BloodTypeCS-B\"> </a></td></tr><tr><td style=\"white-space:nowrap\">AB<a name=\"ANC.B9.BloodTypeCS-AB\"> </a></td></tr><tr><td style=\"white-space:nowrap\">O<a name=\"ANC.B9.BloodTypeCS-O\"> </a></td></tr></table></div>"
  },
  "url" : "https://hispethiopia.org/enable/CodeSystem/ANC.B9.BloodTypeCS",
  "version" : "0.1.0",
  "name" : "ANC.B9.BloodTypeCS",
  "title" : "ANC.B9. Blood type",
  "status" : "draft",
  "experimental" : false,
  "date" : "2026-01-15T13:05:29+00:00",
  "publisher" : "HISP Ethiopia",
  "contact" : [{
    "name" : "HISP Ethiopia",
    "telecom" : [{
      "system" : "url",
      "value" : "https://hispethiopia.org/"
    }]
  }],
  "caseSensitive" : true,
  "content" : "complete",
  "count" : 4,
  "concept" : [{
    "code" : "A",
    "display" : "A"
  },
  {
    "code" : "B",
    "display" : "B"
  },
  {
    "code" : "AB",
    "display" : "AB"
  },
  {
    "code" : "O",
    "display" : "O"
  }]
}