{
  "resourceType" : "CodeSystem",
  "id" : "ANC.B10.PreventiveDewormingAntihelminthicTreatmentProvidedCS",
  "meta" : {
    "profile" : ["http://hl7.org/fhir/uv/crmi/StructureDefinition/crmi-shareablecodesystem",
    "http://hl7.org/fhir/uv/crmi/StructureDefinition/crmi-publishablecodesystem"]
  },
  "text" : {
    "status" : "generated",
    "div" : "<div xmlns=\"http://www.w3.org/1999/xhtml\"><p class=\"res-header-id\"><b>Generated Narrative: CodeSystem ANC.B10.PreventiveDewormingAntihelminthicTreatmentProvidedCS</b></p><a name=\"ANC.B10.PreventiveDewormingAntihelminthicTreatmentProvidedCS\"> </a><a name=\"hcANC.B10.PreventiveDewormingAntihelminthicTreatmentProvidedCS\"> </a><div style=\"display: inline-block; background-color: #d9e0e7; padding: 6px; margin: 4px; border: 1px solid #8da1b4; border-radius: 5px; line-height: 60%\"><p style=\"margin-bottom: 0px\"/><p style=\"margin-bottom: 0px\">Profiles: <a href=\"http://hl7.org/fhir/uv/crmi/STU1/StructureDefinition-crmi-shareablecodesystem.html\">CRMI Shareable CodeSystem</a>, <a href=\"http://hl7.org/fhir/uv/crmi/STU1/StructureDefinition-crmi-publishablecodesystem.html\">CRMI Publishable CodeSystem</a></p></div><p>This case-sensitive code system <code>https://hispethiopia.org/enable/CodeSystem/ANC.B10.PreventiveDewormingAntihelminthicTreatmentProvidedCS</code> defines the following codes:</p><table class=\"codes\"><tr><td style=\"white-space:nowrap\"><b>Code</b></td></tr><tr><td style=\"white-space:nowrap\">Single-dose albendazole 400 mg<a name=\"ANC.B10.PreventiveDewormingAntihelminthicTreatmentProvidedCS-Single-dosealbendazole400mg\"> </a></td></tr><tr><td style=\"white-space:nowrap\">Single-dose mebendazole 500 mg<a name=\"ANC.B10.PreventiveDewormingAntihelminthicTreatmentProvidedCS-Single-dosemebendazole500mg\"> </a></td></tr><tr><td style=\"white-space:nowrap\">No preventative treatment provided<a name=\"ANC.B10.PreventiveDewormingAntihelminthicTreatmentProvidedCS-Nopreventativetreatmentprovided\"> </a></td></tr></table></div>"
  },
  "url" : "https://hispethiopia.org/enable/CodeSystem/ANC.B10.PreventiveDewormingAntihelminthicTreatmentProvidedCS",
  "version" : "0.1.0",
  "name" : "ANC.B10.PreventiveDewormingAntihelminthicTreatmentProvidedCS",
  "title" : "ANC.B10. Preventive deworming antihelminthic treatment provided",
  "status" : "draft",
  "experimental" : false,
  "date" : "2026-01-15T12:19:16+00:00",
  "publisher" : "HISP Ethiopia",
  "contact" : [{
    "name" : "HISP Ethiopia",
    "telecom" : [{
      "system" : "url",
      "value" : "https://hispethiopia.org/"
    }]
  }],
  "caseSensitive" : true,
  "content" : "complete",
  "count" : 3,
  "concept" : [{
    "code" : "Single-dose albendazole 400 mg",
    "display" : "Single-dose albendazole 400 mg"
  },
  {
    "code" : "Single-dose mebendazole 500 mg",
    "display" : "Single-dose mebendazole 500 mg"
  },
  {
    "code" : "No preventative treatment provided",
    "display" : "No preventative treatment provided"
  }]
}