<?xml version="1.0" encoding="UTF-8"?>

<CodeSystem xmlns="http://hl7.org/fhir">
  <id value="ANCLabEMTCTCodesCS"/>
  <meta>
    <profile value="http://hl7.org/fhir/uv/crmi/StructureDefinition/crmi-shareablecodesystem"/>
    <profile value="http://hl7.org/fhir/uv/crmi/StructureDefinition/crmi-publishablecodesystem"/>
  </meta>
  <text>
    <status value="generated"/><div xmlns="http://www.w3.org/1999/xhtml"><p class="res-header-id"><b>Generated Narrative: CodeSystem ANCLabEMTCTCodesCS</b></p><a name="ANCLabEMTCTCodesCS"> </a><a name="hcANCLabEMTCTCodesCS"> </a><div style="display: inline-block; background-color: #d9e0e7; padding: 6px; margin: 4px; border: 1px solid #8da1b4; border-radius: 5px; line-height: 60%"><p style="margin-bottom: 0px"/><p style="margin-bottom: 0px">Profiles: <a href="http://hl7.org/fhir/uv/crmi/STU1/StructureDefinition-crmi-shareablecodesystem.html">CRMI Shareable CodeSystem</a>, <a href="http://hl7.org/fhir/uv/crmi/STU1/StructureDefinition-crmi-publishablecodesystem.html">CRMI Publishable CodeSystem</a></p></div><p>This case-sensitive code system <code>https://hispethiopia.org/enable/CodeSystem/ANCLabEMTCTCodesCS</code> defines the following codes:</p><table class="codes"><tr><td style="white-space:nowrap"><b>Code</b></td><td><b>Display</b></td></tr><tr><td style="white-space:nowrap">C<a name="ANCLabEMTCTCodesCS-C"> </a></td><td>C: Client was counseled but declined HIV testing</td></tr><tr><td style="white-space:nowrap">T<a name="ANCLabEMTCTCodesCS-T"> </a></td><td>T: Client counseled and tested, but didnt receive results</td></tr><tr><td style="white-space:nowrap">TR<a name="ANCLabEMTCTCodesCS-TR"> </a></td><td>TR: Client counseled tested and results given HIV Neg</td></tr><tr><td style="white-space:nowrap">TRR<a name="ANCLabEMTCTCodesCS-TRR"> </a></td><td>TRR: Counseled, tested and results given; HIV Pos</td></tr><tr><td style="white-space:nowrap">TR√<a name="ANCLabEMTCTCodesCS-TR.8730"> </a></td><td>TR√ Revisit client with a known HIV -ve test result from a previous ANC visit during this pregnancy</td></tr><tr><td style="white-space:nowrap">TRR√<a name="ANCLabEMTCTCodesCS-TRR.8730"> </a></td><td>TRR√ Revisit clients with a known HIV +ve test result from a previous ANC visit during this pregnancy</td></tr><tr><td style="white-space:nowrap">TRK<a name="ANCLabEMTCTCodesCS-TRK"> </a></td><td>TRK: Clients with a documented HIV -ve test result within 4 weeks prior to 1st ANC visit</td></tr><tr><td style="white-space:nowrap">TRRK<a name="ANCLabEMTCTCodesCS-TRRK"> </a></td><td>TRRK: Clients with a documented HIV +ve test result prior to 1st ANC visit</td></tr><tr><td style="white-space:nowrap">TR+<a name="ANCLabEMTCTCodesCS-TR.43"> </a></td><td>TR+: Retested -ve</td></tr><tr><td style="white-space:nowrap">TRR+<a name="ANCLabEMTCTCodesCS-TRR.43"> </a></td><td>TRR+: Retested HIV +ve</td></tr><tr><td style="white-space:nowrap">Unknown<a name="ANCLabEMTCTCodesCS-Unknown"> </a></td><td>Unknown</td></tr></table></div>
  </text>
  <url value="https://hispethiopia.org/enable/CodeSystem/ANCLabEMTCTCodesCS"/>
  <version value="0.1.0"/>
  <name value="ANCLabEMTCTCodesCS"/>
  <title value="ANC Lab EMTCT Codes"/>
  <status value="draft"/>
  <experimental value="false"/>
  <date value="2026-01-15T10:57:51+00:00"/>
  <publisher value="HISP Ethiopia"/>
  <contact>
    <name value="HISP Ethiopia"/>
    <telecom>
      <system value="url"/>
      <value value="https://hispethiopia.org/"/>
    </telecom>
  </contact>
  <caseSensitive value="true"/>
  <content value="complete"/>
  <count value="11"/>
  <concept>
    <code value="C"/>
    <display value="C: Client was counseled but declined HIV testing"/>
  </concept>
  <concept>
    <code value="T"/>
    <display value="T: Client counseled and tested, but didnt receive results"/>
  </concept>
  <concept>
    <code value="TR"/>
    <display value="TR: Client counseled tested and results given HIV Neg"/>
  </concept>
  <concept>
    <code value="TRR"/>
    <display value="TRR: Counseled, tested and results given; HIV Pos"/>
  </concept>
  <concept>
    <code value="TR√"/>
    <display value="TR√ Revisit client with a known HIV -ve test result from a previous ANC visit during this pregnancy"/>
  </concept>
  <concept>
    <code value="TRR√"/>
    <display value="TRR√ Revisit clients with a known HIV +ve test result from a previous ANC visit during this pregnancy"/>
  </concept>
  <concept>
    <code value="TRK"/>
    <display value="TRK: Clients with a documented HIV -ve test result within 4 weeks prior to 1st ANC visit"/>
  </concept>
  <concept>
    <code value="TRRK"/>
    <display value="TRRK: Clients with a documented HIV +ve test result prior to 1st ANC visit"/>
  </concept>
  <concept>
    <code value="TR+"/>
    <display value="TR+: Retested -ve"/>
  </concept>
  <concept>
    <code value="TRR+"/>
    <display value="TRR+: Retested HIV +ve"/>
  </concept>
  <concept>
    <code value="Unknown"/>
    <display value="Unknown"/>
  </concept>
</CodeSystem>