<?xml version="1.0" encoding="UTF-8"?>

<CodeSystem xmlns="http://hl7.org/fhir">
  <id value="ANC.BDStillBirthCS"/>
  <meta>
    <profile value="http://hl7.org/fhir/uv/crmi/StructureDefinition/crmi-shareablecodesystem"/>
    <profile value="http://hl7.org/fhir/uv/crmi/StructureDefinition/crmi-publishablecodesystem"/>
  </meta>
  <text>
    <status value="generated"/><div xmlns="http://www.w3.org/1999/xhtml"><p class="res-header-id"><b>Generated Narrative: CodeSystem ANC.BDStillBirthCS</b></p><a name="ANC.BDStillBirthCS"> </a><a name="hcANC.BDStillBirthCS"> </a><div style="display: inline-block; background-color: #d9e0e7; padding: 6px; margin: 4px; border: 1px solid #8da1b4; border-radius: 5px; line-height: 60%"><p style="margin-bottom: 0px"/><p style="margin-bottom: 0px">Profiles: <a href="http://hl7.org/fhir/uv/crmi/STU1/StructureDefinition-crmi-shareablecodesystem.html">CRMI Shareable CodeSystem</a>, <a href="http://hl7.org/fhir/uv/crmi/STU1/StructureDefinition-crmi-publishablecodesystem.html">CRMI Publishable CodeSystem</a></p></div><p>This case-sensitive code system <code>https://hispethiopia.org/enable/CodeSystem/ANC.BDStillBirthCS</code> defines the following codes:</p><table class="codes"><tr><td style="white-space:nowrap"><b>Code</b></td></tr><tr><td style="white-space:nowrap">Fresh<a name="ANC.BDStillBirthCS-Fresh"> </a></td></tr><tr><td style="white-space:nowrap">Macerated<a name="ANC.BDStillBirthCS-Macerated"> </a></td></tr></table></div>
  </text>
  <url value="https://hispethiopia.org/enable/CodeSystem/ANC.BDStillBirthCS"/>
  <version value="0.1.0"/>
  <name value="ANC.BDStillBirthCS"/>
  <title value="ANC.BD Still Birth"/>
  <status value="draft"/>
  <experimental value="false"/>
  <date value="2026-01-15T12:19:16+00:00"/>
  <publisher value="HISP Ethiopia"/>
  <contact>
    <name value="HISP Ethiopia"/>
    <telecom>
      <system value="url"/>
      <value value="https://hispethiopia.org/"/>
    </telecom>
  </contact>
  <caseSensitive value="true"/>
  <content value="complete"/>
  <count value="2"/>
  <concept>
    <code value="Fresh"/>
    <display value="Fresh"/>
  </concept>
  <concept>
    <code value="Macerated"/>
    <display value="Macerated"/>
  </concept>
</CodeSystem>