{
  "resourceType" : "CodeSystem",
  "id" : "YearCS",
  "meta" : {
    "profile" : ["http://hl7.org/fhir/uv/crmi/StructureDefinition/crmi-shareablecodesystem",
    "http://hl7.org/fhir/uv/crmi/StructureDefinition/crmi-publishablecodesystem"]
  },
  "text" : {
    "status" : "generated",
    "div" : "<div xmlns=\"http://www.w3.org/1999/xhtml\"><p class=\"res-header-id\"><b>Generated Narrative: CodeSystem YearCS</b></p><a name=\"YearCS\"> </a><a name=\"hcYearCS\"> </a><div style=\"display: inline-block; background-color: #d9e0e7; padding: 6px; margin: 4px; border: 1px solid #8da1b4; border-radius: 5px; line-height: 60%\"><p style=\"margin-bottom: 0px\"/><p style=\"margin-bottom: 0px\">Profiles: <a href=\"http://hl7.org/fhir/uv/crmi/STU1/StructureDefinition-crmi-shareablecodesystem.html\">CRMI Shareable CodeSystem</a>, <a href=\"http://hl7.org/fhir/uv/crmi/STU1/StructureDefinition-crmi-publishablecodesystem.html\">CRMI Publishable CodeSystem</a></p></div><p>This case-sensitive code system <code>https://hispethiopia.org/enable/CodeSystem/YearCS</code> defines the following codes:</p><table class=\"codes\"><tr><td style=\"white-space:nowrap\"><b>Code</b></td></tr><tr><td style=\"white-space:nowrap\">2024<a name=\"YearCS-2024\"> </a></td></tr><tr><td style=\"white-space:nowrap\">2023<a name=\"YearCS-2023\"> </a></td></tr><tr><td style=\"white-space:nowrap\">2022<a name=\"YearCS-2022\"> </a></td></tr><tr><td style=\"white-space:nowrap\">2021<a name=\"YearCS-2021\"> </a></td></tr><tr><td style=\"white-space:nowrap\">2020<a name=\"YearCS-2020\"> </a></td></tr><tr><td style=\"white-space:nowrap\">2019<a name=\"YearCS-2019\"> </a></td></tr><tr><td style=\"white-space:nowrap\">2018<a name=\"YearCS-2018\"> </a></td></tr><tr><td style=\"white-space:nowrap\">2017<a name=\"YearCS-2017\"> </a></td></tr><tr><td style=\"white-space:nowrap\">2016<a name=\"YearCS-2016\"> </a></td></tr><tr><td style=\"white-space:nowrap\">2015<a name=\"YearCS-2015\"> </a></td></tr><tr><td style=\"white-space:nowrap\">2014<a name=\"YearCS-2014\"> </a></td></tr><tr><td style=\"white-space:nowrap\">2013<a name=\"YearCS-2013\"> </a></td></tr><tr><td style=\"white-space:nowrap\">2012<a name=\"YearCS-2012\"> </a></td></tr><tr><td style=\"white-space:nowrap\">2011<a name=\"YearCS-2011\"> </a></td></tr><tr><td style=\"white-space:nowrap\">2010<a name=\"YearCS-2010\"> </a></td></tr><tr><td style=\"white-space:nowrap\">2009<a name=\"YearCS-2009\"> </a></td></tr><tr><td style=\"white-space:nowrap\">2008<a name=\"YearCS-2008\"> </a></td></tr><tr><td style=\"white-space:nowrap\">2007<a name=\"YearCS-2007\"> </a></td></tr><tr><td style=\"white-space:nowrap\">2006<a name=\"YearCS-2006\"> </a></td></tr><tr><td style=\"white-space:nowrap\">2005<a name=\"YearCS-2005\"> </a></td></tr><tr><td style=\"white-space:nowrap\">2004<a name=\"YearCS-2004\"> </a></td></tr><tr><td style=\"white-space:nowrap\">2003<a name=\"YearCS-2003\"> </a></td></tr><tr><td style=\"white-space:nowrap\">2002<a name=\"YearCS-2002\"> </a></td></tr><tr><td style=\"white-space:nowrap\">2001<a name=\"YearCS-2001\"> </a></td></tr><tr><td style=\"white-space:nowrap\">2000<a name=\"YearCS-2000\"> </a></td></tr><tr><td style=\"white-space:nowrap\">1999<a name=\"YearCS-1999\"> </a></td></tr><tr><td style=\"white-space:nowrap\">1998<a name=\"YearCS-1998\"> </a></td></tr><tr><td style=\"white-space:nowrap\">1997<a name=\"YearCS-1997\"> </a></td></tr><tr><td style=\"white-space:nowrap\">1996<a name=\"YearCS-1996\"> </a></td></tr><tr><td style=\"white-space:nowrap\">1995<a name=\"YearCS-1995\"> </a></td></tr><tr><td style=\"white-space:nowrap\">1994<a name=\"YearCS-1994\"> </a></td></tr><tr><td style=\"white-space:nowrap\">1993<a name=\"YearCS-1993\"> </a></td></tr><tr><td style=\"white-space:nowrap\">1992<a name=\"YearCS-1992\"> </a></td></tr><tr><td style=\"white-space:nowrap\">1991<a name=\"YearCS-1991\"> </a></td></tr><tr><td style=\"white-space:nowrap\">1990<a name=\"YearCS-1990\"> </a></td></tr><tr><td style=\"white-space:nowrap\">1989<a name=\"YearCS-1989\"> </a></td></tr><tr><td style=\"white-space:nowrap\">1988<a name=\"YearCS-1988\"> </a></td></tr><tr><td style=\"white-space:nowrap\">1987<a name=\"YearCS-1987\"> </a></td></tr><tr><td style=\"white-space:nowrap\">1986<a name=\"YearCS-1986\"> </a></td></tr><tr><td style=\"white-space:nowrap\">1985<a name=\"YearCS-1985\"> </a></td></tr><tr><td style=\"white-space:nowrap\">1984<a name=\"YearCS-1984\"> </a></td></tr><tr><td style=\"white-space:nowrap\">1983<a name=\"YearCS-1983\"> </a></td></tr><tr><td style=\"white-space:nowrap\">1982<a name=\"YearCS-1982\"> </a></td></tr><tr><td style=\"white-space:nowrap\">1981<a name=\"YearCS-1981\"> </a></td></tr><tr><td style=\"white-space:nowrap\">1980<a name=\"YearCS-1980\"> </a></td></tr><tr><td style=\"white-space:nowrap\">1979<a name=\"YearCS-1979\"> </a></td></tr><tr><td style=\"white-space:nowrap\">1978<a name=\"YearCS-1978\"> </a></td></tr><tr><td style=\"white-space:nowrap\">1977<a name=\"YearCS-1977\"> </a></td></tr><tr><td style=\"white-space:nowrap\">1976<a name=\"YearCS-1976\"> </a></td></tr><tr><td style=\"white-space:nowrap\">1975<a name=\"YearCS-1975\"> </a></td></tr><tr><td style=\"white-space:nowrap\">1974<a name=\"YearCS-1974\"> </a></td></tr><tr><td style=\"white-space:nowrap\">1973<a name=\"YearCS-1973\"> </a></td></tr><tr><td style=\"white-space:nowrap\">1972<a name=\"YearCS-1972\"> </a></td></tr><tr><td style=\"white-space:nowrap\">1971<a name=\"YearCS-1971\"> </a></td></tr><tr><td style=\"white-space:nowrap\">1970<a name=\"YearCS-1970\"> </a></td></tr></table></div>"
  },
  "url" : "https://hispethiopia.org/enable/CodeSystem/YearCS",
  "version" : "0.1.0",
  "name" : "YearCS",
  "title" : "Year",
  "status" : "draft",
  "experimental" : false,
  "date" : "2026-01-15T13:53:47+00:00",
  "publisher" : "HISP Ethiopia",
  "contact" : [{
    "name" : "HISP Ethiopia",
    "telecom" : [{
      "system" : "url",
      "value" : "https://hispethiopia.org/"
    }]
  }],
  "caseSensitive" : true,
  "content" : "complete",
  "count" : 55,
  "concept" : [{
    "code" : "2024",
    "display" : "2024"
  },
  {
    "code" : "2023",
    "display" : "2023"
  },
  {
    "code" : "2022",
    "display" : "2022"
  },
  {
    "code" : "2021",
    "display" : "2021"
  },
  {
    "code" : "2020",
    "display" : "2020"
  },
  {
    "code" : "2019",
    "display" : "2019"
  },
  {
    "code" : "2018",
    "display" : "2018"
  },
  {
    "code" : "2017",
    "display" : "2017"
  },
  {
    "code" : "2016",
    "display" : "2016"
  },
  {
    "code" : "2015",
    "display" : "2015"
  },
  {
    "code" : "2014",
    "display" : "2014"
  },
  {
    "code" : "2013",
    "display" : "2013"
  },
  {
    "code" : "2012",
    "display" : "2012"
  },
  {
    "code" : "2011",
    "display" : "2011"
  },
  {
    "code" : "2010",
    "display" : "2010"
  },
  {
    "code" : "2009",
    "display" : "2009"
  },
  {
    "code" : "2008",
    "display" : "2008"
  },
  {
    "code" : "2007",
    "display" : "2007"
  },
  {
    "code" : "2006",
    "display" : "2006"
  },
  {
    "code" : "2005",
    "display" : "2005"
  },
  {
    "code" : "2004",
    "display" : "2004"
  },
  {
    "code" : "2003",
    "display" : "2003"
  },
  {
    "code" : "2002",
    "display" : "2002"
  },
  {
    "code" : "2001",
    "display" : "2001"
  },
  {
    "code" : "2000",
    "display" : "2000"
  },
  {
    "code" : "1999",
    "display" : "1999"
  },
  {
    "code" : "1998",
    "display" : "1998"
  },
  {
    "code" : "1997",
    "display" : "1997"
  },
  {
    "code" : "1996",
    "display" : "1996"
  },
  {
    "code" : "1995",
    "display" : "1995"
  },
  {
    "code" : "1994",
    "display" : "1994"
  },
  {
    "code" : "1993",
    "display" : "1993"
  },
  {
    "code" : "1992",
    "display" : "1992"
  },
  {
    "code" : "1991",
    "display" : "1991"
  },
  {
    "code" : "1990",
    "display" : "1990"
  },
  {
    "code" : "1989",
    "display" : "1989"
  },
  {
    "code" : "1988",
    "display" : "1988"
  },
  {
    "code" : "1987",
    "display" : "1987"
  },
  {
    "code" : "1986",
    "display" : "1986"
  },
  {
    "code" : "1985",
    "display" : "1985"
  },
  {
    "code" : "1984",
    "display" : "1984"
  },
  {
    "code" : "1983",
    "display" : "1983"
  },
  {
    "code" : "1982",
    "display" : "1982"
  },
  {
    "code" : "1981",
    "display" : "1981"
  },
  {
    "code" : "1980",
    "display" : "1980"
  },
  {
    "code" : "1979",
    "display" : "1979"
  },
  {
    "code" : "1978",
    "display" : "1978"
  },
  {
    "code" : "1977",
    "display" : "1977"
  },
  {
    "code" : "1976",
    "display" : "1976"
  },
  {
    "code" : "1975",
    "display" : "1975"
  },
  {
    "code" : "1974",
    "display" : "1974"
  },
  {
    "code" : "1973",
    "display" : "1973"
  },
  {
    "code" : "1972",
    "display" : "1972"
  },
  {
    "code" : "1971",
    "display" : "1971"
  },
  {
    "code" : "1970",
    "display" : "1970"
  }]
}