<?xml version="1.0" encoding="UTF-8"?>

<CodeSystem xmlns="http://hl7.org/fhir">
  <id value="ANCLABAnaemiaDiagnosisCS"/>
  <meta>
    <profile value="http://hl7.org/fhir/uv/crmi/StructureDefinition/crmi-shareablecodesystem"/>
    <profile value="http://hl7.org/fhir/uv/crmi/StructureDefinition/crmi-publishablecodesystem"/>
  </meta>
  <text>
    <status value="generated"/><div xmlns="http://www.w3.org/1999/xhtml"><p class="res-header-id"><b>Generated Narrative: CodeSystem ANCLABAnaemiaDiagnosisCS</b></p><a name="ANCLABAnaemiaDiagnosisCS"> </a><a name="hcANCLABAnaemiaDiagnosisCS"> </a><div style="display: inline-block; background-color: #d9e0e7; padding: 6px; margin: 4px; border: 1px solid #8da1b4; border-radius: 5px; line-height: 60%"><p style="margin-bottom: 0px"/><p style="margin-bottom: 0px">Profiles: <a href="http://hl7.org/fhir/uv/crmi/STU1/StructureDefinition-crmi-shareablecodesystem.html">CRMI Shareable CodeSystem</a>, <a href="http://hl7.org/fhir/uv/crmi/STU1/StructureDefinition-crmi-publishablecodesystem.html">CRMI Publishable CodeSystem</a></p></div><p>This case-sensitive code system <code>https://hispethiopia.org/enable/CodeSystem/ANCLABAnaemiaDiagnosisCS</code> defines the following codes:</p><table class="codes"><tr><td style="white-space:nowrap"><b>Code</b></td></tr><tr><td style="white-space:nowrap">Mild<a name="ANCLABAnaemiaDiagnosisCS-Mild"> </a></td></tr><tr><td style="white-space:nowrap">Moderate<a name="ANCLABAnaemiaDiagnosisCS-Moderate"> </a></td></tr><tr><td style="white-space:nowrap">Severe<a name="ANCLABAnaemiaDiagnosisCS-Severe"> </a></td></tr><tr><td style="white-space:nowrap">Due to Pallor<a name="ANCLABAnaemiaDiagnosisCS-DuetoPallor"> </a></td></tr></table></div>
  </text>
  <url value="https://hispethiopia.org/enable/CodeSystem/ANCLABAnaemiaDiagnosisCS"/>
  <version value="0.1.0"/>
  <name value="ANCLABAnaemiaDiagnosisCS"/>
  <title value="ANC LAB Anaemia diagnosis"/>
  <status value="draft"/>
  <experimental value="false"/>
  <date value="2026-01-15T12:19:16+00:00"/>
  <publisher value="HISP Ethiopia"/>
  <contact>
    <name value="HISP Ethiopia"/>
    <telecom>
      <system value="url"/>
      <value value="https://hispethiopia.org/"/>
    </telecom>
  </contact>
  <caseSensitive value="true"/>
  <content value="complete"/>
  <count value="4"/>
  <concept>
    <code value="Mild"/>
    <display value="Mild"/>
  </concept>
  <concept>
    <code value="Moderate"/>
    <display value="Moderate"/>
  </concept>
  <concept>
    <code value="Severe"/>
    <display value="Severe"/>
  </concept>
  <concept>
    <code value="Due to Pallor"/>
    <display value="Due to Pallor"/>
  </concept>
</CodeSystem>