{
  "resourceType" : "CodeSystem",
  "id" : "ANC.B8.WeightCategoryCS",
  "meta" : {
    "profile" : ["http://hl7.org/fhir/uv/crmi/StructureDefinition/crmi-shareablecodesystem",
    "http://hl7.org/fhir/uv/crmi/StructureDefinition/crmi-publishablecodesystem"]
  },
  "text" : {
    "status" : "generated",
    "div" : "<div xmlns=\"http://www.w3.org/1999/xhtml\"><p class=\"res-header-id\"><b>Generated Narrative: CodeSystem ANC.B8.WeightCategoryCS</b></p><a name=\"ANC.B8.WeightCategoryCS\"> </a><a name=\"hcANC.B8.WeightCategoryCS\"> </a><div style=\"display: inline-block; background-color: #d9e0e7; padding: 6px; margin: 4px; border: 1px solid #8da1b4; border-radius: 5px; line-height: 60%\"><p style=\"margin-bottom: 0px\"/><p style=\"margin-bottom: 0px\">Profiles: <a href=\"http://hl7.org/fhir/uv/crmi/STU1/StructureDefinition-crmi-shareablecodesystem.html\">CRMI Shareable CodeSystem</a>, <a href=\"http://hl7.org/fhir/uv/crmi/STU1/StructureDefinition-crmi-publishablecodesystem.html\">CRMI Publishable CodeSystem</a></p></div><p>This case-sensitive code system <code>https://hispethiopia.org/enable/CodeSystem/ANC.B8.WeightCategoryCS</code> defines the following codes:</p><table class=\"codes\"><tr><td style=\"white-space:nowrap\"><b>Code</b></td></tr><tr><td style=\"white-space:nowrap\">Underweight<a name=\"ANC.B8.WeightCategoryCS-Underweight\"> </a></td></tr><tr><td style=\"white-space:nowrap\">Normal weight<a name=\"ANC.B8.WeightCategoryCS-Normalweight\"> </a></td></tr><tr><td style=\"white-space:nowrap\">Overweight<a name=\"ANC.B8.WeightCategoryCS-Overweight\"> </a></td></tr><tr><td style=\"white-space:nowrap\">Obese<a name=\"ANC.B8.WeightCategoryCS-Obese\"> </a></td></tr></table></div>"
  },
  "url" : "https://hispethiopia.org/enable/CodeSystem/ANC.B8.WeightCategoryCS",
  "version" : "0.1.0",
  "name" : "ANC.B8.WeightCategoryCS",
  "title" : "ANC.B8. Weight category",
  "status" : "draft",
  "experimental" : false,
  "date" : "2026-01-15T10:57:51+00:00",
  "publisher" : "HISP Ethiopia",
  "contact" : [{
    "name" : "HISP Ethiopia",
    "telecom" : [{
      "system" : "url",
      "value" : "https://hispethiopia.org/"
    }]
  }],
  "caseSensitive" : true,
  "content" : "complete",
  "count" : 4,
  "concept" : [{
    "code" : "Underweight",
    "display" : "Underweight"
  },
  {
    "code" : "Normal weight",
    "display" : "Normal weight"
  },
  {
    "code" : "Overweight",
    "display" : "Overweight"
  },
  {
    "code" : "Obese",
    "display" : "Obese"
  }]
}