{
  "resourceType" : "ValueSet",
  "id" : "ANC.B8NumberOfFetusesVS",
  "meta" : {
    "profile" : ["http://hl7.org/fhir/uv/crmi/StructureDefinition/crmi-shareablevalueset",
    "http://hl7.org/fhir/uv/crmi/StructureDefinition/crmi-publishablevalueset",
    "http://hl7.org/fhir/uv/crmi/StructureDefinition/crmi-computablevalueset"]
  },
  "text" : {
    "status" : "generated",
    "div" : "<div xmlns=\"http://www.w3.org/1999/xhtml\"><p class=\"res-header-id\"><b>Generated Narrative: ValueSet ANC.B8NumberOfFetusesVS</b></p><a name=\"ANC.B8NumberOfFetusesVS\"> </a><a name=\"hcANC.B8NumberOfFetusesVS\"> </a><div style=\"display: inline-block; background-color: #d9e0e7; padding: 6px; margin: 4px; border: 1px solid #8da1b4; border-radius: 5px; line-height: 60%\"><p style=\"margin-bottom: 0px\"/><p style=\"margin-bottom: 0px\">Profiles: <a href=\"http://hl7.org/fhir/uv/crmi/STU1/StructureDefinition-crmi-shareablevalueset.html\">CRMI Shareable ValueSet</a>, <a href=\"http://hl7.org/fhir/uv/crmi/STU1/StructureDefinition-crmi-publishablevalueset.html\">CRMI Publishable ValueSet</a>, <a href=\"http://hl7.org/fhir/uv/crmi/STU1/StructureDefinition-crmi-computablevalueset.html\">CRMI Computable ValueSet</a></p></div><ul><li>Include all codes defined in <a href=\"CodeSystem-ANC.B8NumberOfFetusesCS.html\"><code>https://hispethiopia.org/enable/CodeSystem/ANC.B8NumberOfFetusesCS</code></a><span title=\"Version is not explicitly stated, which means it is fixed to the version provided in this specification\"> version &#x1F4E6;0.1.0</span></li></ul></div>"
  },
  "url" : "https://hispethiopia.org/enable/ValueSet/ANC.B8NumberOfFetusesVS",
  "version" : "0.1.0",
  "name" : "ANC.B8NumberOfFetusesVS",
  "title" : "ANC.B8 Number of fetuses value set",
  "status" : "active",
  "experimental" : false,
  "date" : "2026-01-15T13:53:47+00:00",
  "publisher" : "HISP Ethiopia",
  "contact" : [{
    "name" : "HISP Ethiopia",
    "telecom" : [{
      "system" : "url",
      "value" : "https://hispethiopia.org/"
    }]
  }],
  "compose" : {
    "include" : [{
      "system" : "https://hispethiopia.org/enable/CodeSystem/ANC.B8NumberOfFetusesCS"
    }]
  }
}