<?xml version="1.0" encoding="UTF-8"?>

<ValueSet xmlns="http://hl7.org/fhir">
  <id value="BDOtherReasonForPregnancyOutcomeVS"/>
  <meta>
    <profile value="http://hl7.org/fhir/uv/crmi/StructureDefinition/crmi-shareablevalueset"/>
    <profile value="http://hl7.org/fhir/uv/crmi/StructureDefinition/crmi-publishablevalueset"/>
    <profile value="http://hl7.org/fhir/uv/crmi/StructureDefinition/crmi-computablevalueset"/>
  </meta>
  <text>
    <status value="generated"/><div xmlns="http://www.w3.org/1999/xhtml"><p class="res-header-id"><b>Generated Narrative: ValueSet BDOtherReasonForPregnancyOutcomeVS</b></p><a name="BDOtherReasonForPregnancyOutcomeVS"> </a><a name="hcBDOtherReasonForPregnancyOutcomeVS"> </a><div style="display: inline-block; background-color: #d9e0e7; padding: 6px; margin: 4px; border: 1px solid #8da1b4; border-radius: 5px; line-height: 60%"><p style="margin-bottom: 0px"/><p style="margin-bottom: 0px">Profiles: <a href="http://hl7.org/fhir/uv/crmi/STU1/StructureDefinition-crmi-shareablevalueset.html">CRMI Shareable ValueSet</a>, <a href="http://hl7.org/fhir/uv/crmi/STU1/StructureDefinition-crmi-publishablevalueset.html">CRMI Publishable ValueSet</a>, <a href="http://hl7.org/fhir/uv/crmi/STU1/StructureDefinition-crmi-computablevalueset.html">CRMI Computable ValueSet</a></p></div><ul><li>Include all codes defined in <a href="CodeSystem-BDOtherReasonForPregnancyOutcomeCS.html"><code>https://hispethiopia.org/enable/CodeSystem/BDOtherReasonForPregnancyOutcomeCS</code></a><span title="Version is not explicitly stated, which means it is fixed to the version provided in this specification"> version &#x1F4E6;0.1.0</span></li></ul></div>
  </text>
  <url value="https://hispethiopia.org/enable/ValueSet/BDOtherReasonForPregnancyOutcomeVS"/>
  <version value="0.1.0"/>
  <name value="BDOtherReasonForPregnancyOutcomeVS"/>
  <title value="BD-Other Reason for Pregnancy Outcome value set"/>
  <status value="active"/>
  <experimental value="false"/>
  <date value="2026-01-15T13:53:47+00:00"/>
  <publisher value="HISP Ethiopia"/>
  <contact>
    <name value="HISP Ethiopia"/>
    <telecom>
      <system value="url"/>
      <value value="https://hispethiopia.org/"/>
    </telecom>
  </contact>
  <compose>
    <include>
      <system value="https://hispethiopia.org/enable/CodeSystem/BDOtherReasonForPregnancyOutcomeCS"/>
    </include>
  </compose>
</ValueSet>